panchayat_id,panchayat_name,block_id,block_name,block_name,district_id,lat,lon
106726,BHAKHURADIA RANGESWARI,2603,CHAMARIA,CHAMARIA,291,26.144453907341457,91.07169688989144
106733,PIJUPARA,2603,CHAMARIA,CHAMARIA,291,26.099751418352188,91.0154856232173
106732,NAGARBERA,2603,CHAMARIA,CHAMARIA,291,26.087737805211727,90.97076672022827
106729,JAMLAI KALYAN PUR,2603,CHAMARIA,CHAMARIA,291,26.086047664804905,90.99822787875382
106737,TUPAMARI,2603,CHAMARIA,CHAMARIA,291,26.107784836644978,91.0684479461024
106734,RANGAPANI,2603,CHAMARIA,CHAMARIA,291,26.133977115778922,91.09029122986223
106735,SONTOLI CHAUDHURI PAM,2603,CHAMARIA,CHAMARIA,291,26.13862339477038,91.11639673784093
106731,MAHTOLI,2603,CHAMARIA,CHAMARIA,291,26.15069528752441,91.17450606833353
106777,JORSIMALU,2609,GOROIMARI,GOROIMARI,291,26.120319885563205,91.14627947227815
106730,KISMAT KATHAMI,2603,CHAMARIA,CHAMARIA,291,26.110511018308408,91.13449361071552
106723,BAGARIGURI,2603,CHAMARIA,CHAMARIA,291,26.09099588351039,91.12265619358972
106724,BAMUNBORI,2603,CHAMARIA,CHAMARIA,291,26.072201610967493,91.12769157160201
106727,CHAMARIA,2603,CHAMARIA,CHAMARIA,291,26.074969262818062,91.1549364565447
106775,HATICHALA BHALUKBARI,2609,GOROIMARI,GOROIMARI,291,26.078419624253115,91.18533154377971
106772,ACHALPARA,2609,GOROIMARI,GOROIMARI,291,26.123888214720036,91.19549187875904
106774,BHAURIA BHITHA,2609,GOROIMARI,GOROIMARI,291,26.079132088047942,91.21277365974947
106778,MAJORTOP,2609,GOROIMARI,GOROIMARI,291,26.077361096496862,91.25919080645338
106779,TUKRAPARA,2609,GOROIMARI,GOROIMARI,291,26.102047111431105,91.23024507220318
106773,BATAHIDIA,2609,GOROIMARI,GOROIMARI,291,26.139688939240763,91.27437166134885
106719,DAKHIN BONGAON,2609,GOROIMARI,GOROIMARI,291,26.14266228888669,91.22641371983345
106822,BISSENALLA,2613,RANGIA,RANGIA,291,26.50904186595211,91.57673414524608
106819,BAIDYAGARH,2613,RANGIA,RANGIA,291,26.493034470483707,91.60402366586742
106823,BORDOL,2600,BIHDIA -JAJIKONA,BIHDIA -JAJIKONA,291,26.463628510819333,91.69800100823728
106699,HARADUTTA,2600,BIHDIA -JAJIKONA,BIHDIA -JAJIKONA,291,26.436467892390386,91.69818480113142
106818,ARIMATTA,2613,RANGIA,RANGIA,291,26.454013402893903,91.6161325970926
106825,CHEPTI NAKUL,2613,RANGIA,RANGIA,291,26.423418389868477,91.6380381374689
106832,PADUM KOWARI,2613,RANGIA,RANGIA,291,26.413185927159297,91.6088478699087
106831,MORANJANA,2613,RANGIA,RANGIA,291,26.394765579009924,91.63612162899398
106804,KENDUKONA,2611,KAMALPUR,KAMALPUR,291,26.38090597314378,91.65163560142115
106703,MADHUKUCHI,2600,BIHDIA -JAJIKONA,BIHDIA -JAJIKONA,291,26.393928224273978,91.67132176336382
106698,BIRADUTTA,2600,BIHDIA -JAJIKONA,BIHDIA -JAJIKONA,291,26.389763396802326,91.69731052638186
106705,NAGAON,2600,BIHDIA -JAJIKONA,BIHDIA -JAJIKONA,291,26.365782698364146,91.71544833774858
106797,BAIHATA,2611,KAMALPUR,KAMALPUR,291,26.329036188781743,91.68497504776063
106805,MODARTOLA,2611,KAMALPUR,KAMALPUR,291,26.336739384811732,91.70590843465123
106800,BORSIL,2611,KAMALPUR,KAMALPUR,291,26.2892210185887,91.68390630296119
106798,BARDEKPAR,2611,KAMALPUR,KAMALPUR,291,26.318253362197996,91.65511336353332
106796,ATHGAON,2611,KAMALPUR,KAMALPUR,291,26.289862619453015,91.66108344786983
106799,BORKA,2611,KAMALPUR,KAMALPUR,291,26.28767977142612,91.64529725894364
106807,SONAPUR,2611,KAMALPUR,KAMALPUR,291,26.274321899262535,91.63095133317572
106802,GUIYA,2611,KAMALPUR,KAMALPUR,291,26.33006531072924,91.6201317472383
106803,KAMALPUR,2611,KAMALPUR,KAMALPUR,291,26.34949147324013,91.66177324025348
106806,PUTHIMARI,2611,KAMALPUR,KAMALPUR,291,26.353616474695052,91.62795509687601
106824,BORIGOG,2613,RANGIA,RANGIA,291,26.36978864566514,91.60832651528108
106820,BARANGHATI,2613,RANGIA,RANGIA,291,26.344331761086426,91.55807896655622
106827,DIMU DOBAK,2613,RANGIA,RANGIA,291,26.339114857943414,91.59192689862589
106786,KETEKIBARI UKHURA,2610,HAJO,HAJO,291,26.290255030746547,91.60023785302224
106790,MONAHKUCHI,2610,HAJO,HAJO,291,26.275869932927744,91.568479671472
106795,SWAHID SATYANATH,2610,HAJO,HAJO,291,26.31984913119458,91.57204508303181
106792,SONIADI,2610,HAJO,HAJO,291,26.319258523178178,91.55066938930622
106788,KULHATI,2610,HAJO,HAJO,291,26.28150043928861,91.55285972359938
106785,KALITAKUCHI,2610,HAJO,HAJO,291,26.287830015633933,91.51888719945423
106784,NO.2 HAJO,2610,HAJO,HAJO,291,26.325213015902214,91.51390856796709
106829,KAYABARPULLA,2613,RANGIA,RANGIA,291,26.360769451897156,91.54205356468847
106826,DHUHIBALA,2613,RANGIA,RANGIA,291,26.385423133661558,91.55229014302371
106821,BISHNUPUR BALISATRA,2613,RANGIA,RANGIA,291,26.3841703859142,91.5842956217782
106828,JAYONTIPUR,2613,RANGIA,RANGIA,291,26.415359506097573,91.57313151633068
106830,MADHYA PANDURI,2613,RANGIA,RANGIA,291,26.460923688704906,91.57252621005458
106781,BARNI,2610,HAJO,HAJO,291,26.305825190403112,91.48047762625411
106793,SWAHID KHAGEN BHARALI,2610,HAJO,HAJO,291,26.2719516438679,91.48857395124458
106787,KHETRI HARDIYA,2610,HAJO,HAJO,291,26.2587586266736,91.46464431565596
106794,SWAHID NAGEN DEKA,2610,HAJO,HAJO,291,26.239716560927025,91.50281480078334
106780,BAMUNDI,2610,HAJO,HAJO,291,26.222761038769193,91.48526361061862
106783,DAMPUR,2610,HAJO,HAJO,291,26.20184448760631,91.5035186428952
106782,BONGALPARA,2610,HAJO,HAJO,291,26.238786849829435,91.44636815177626
106815,SAPARTARI,2612,RAMPUR,RAMPUR,291,26.138598563057947,91.35113358687177
106776,HATIPARA,2609,GOROIMARI,GOROIMARI,291,26.089047231140718,91.29154212557766
106757,GUMI BANKAKATA,2606,CHAYGAON,CHAYGAON,291,26.089573047615957,91.3408792058042
106808,AMTALA ZIAKUR,2612,RAMPUR,RAMPUR,291,26.08549541970163,91.41447211280239
106809,BEJARTARI,2612,RAMPUR,RAMPUR,291,26.1321741093526,91.40663138121747
106811,GUIMARA CHIMINA,2612,RAMPUR,RAMPUR,291,26.14395639301356,91.48327678859016
106749,PALLY HUDUMPUR,2605,CHAYANI,CHAYANI,291,26.130965289997974,91.49727784790439
106812,NAHIRA,2612,RAMPUR,RAMPUR,291,26.10780279459103,91.4745866842951
106810,DAHALI DAKHALA,2612,RAMPUR,RAMPUR,291,26.122510123773743,91.47883525620898
106814,RAMPUR,2612,RAMPUR,RAMPUR,291,26.084615592298388,91.46627479616004
106813,RAJAPUKHURI BERHANTI RANGAMATI,2612,RAMPUR,RAMPUR,291,26.09634988023666,91.4818679014047
106751,SARPARA,2605,CHAYANI,CHAYANI,291,26.09303416119927,91.5207452332382
106817,UPARHALI,2612,RAMPUR,RAMPUR,291,26.10456673690929,91.51247737928843
106747,KOCHPARA,2605,CHAYANI,CHAYANI,291,26.10403433880792,91.53784732972099
106745,BONGARA,2605,CHAYANI,CHAYANI,291,26.077591510882698,91.54988431984107
271753,Modhyo Sualkuchi,2615,SUALKUCHI,SUALKUCHI,291,26.172234103968677,91.5635528420631
106846,PASCHIM SUALKUCHI,2610,HAJO,HAJO,291,26.16528830943434,91.53869014563753
106789,LAKOYATOL HALOGAON,2610,HAJO,HAJO,291,26.162297453589964,91.5221464527582
106791,NO. 1 HAJO,2610,HAJO,HAJO,291,26.25338339979277,91.51924498111643
106848,SINGIMARI,2615,SUALKUCHI,SUALKUCHI,291,26.26973303120385,91.58250368605093
106843,GANDHMOW,2615,SUALKUCHI,SUALKUCHI,291,26.20639764765046,91.58970791296129
106841,BONGSOR,2615,SUALKUCHI,SUALKUCHI,291,26.212988318135874,91.5573014932125
106847,PUB SUALKUCHI,2615,SUALKUCHI,SUALKUCHI,291,26.182687416720356,91.58398629821127
106842,DADARA,2615,SUALKUCHI,SUALKUCHI,291,26.194261006821726,91.61760092302454
106845,PACHARIA,2615,SUALKUCHI,SUALKUCHI,291,26.242933963399043,91.63003011421146
271757,LACHITGARH,2599,BEZERA,BEZERA,291,26.239544136410835,91.67626174501598
106690,DHUPARTARI,2599,BEZERA,BEZERA,291,26.245936122650548,91.67582793676961
106694,SARAIGHAT,2599,BEZERA,BEZERA,291,26.250584000318504,91.70474845025457
106693,RUDESWAR,2599,BEZERA,BEZERA,291,26.22882836522736,91.73159167456804
106801,GOPESWAR,2611,KAMALPUR,KAMALPUR,291,26.295145436473494,91.72427705035905
106688,AGDOLA,2599,BEZERA,BEZERA,291,26.313441154457625,91.75006544566736
106692,MANDAKATA,2599,BEZERA,BEZERA,291,26.281583083587243,91.76826530807887
106689,BEZERA (BORBONGSAR),2599,BEZERA,BEZERA,291,26.33166686523121,91.806268557202
106707,TITKUCHI,2600,BIHDIA -JAJIKONA,BIHDIA -JAJIKONA,291,26.368316040406174,91.80101286239436
106701,KAKARA,2600,BIHDIA -JAJIKONA,BIHDIA -JAJIKONA,291,26.37314429361973,91.7547994090336
106697,BIHDIA,2600,BIHDIA -JAJIKONA,BIHDIA -JAJIKONA,291,26.39260165088818,91.73318498275853
106704,MUKTAPUR,2600,BIHDIA -JAJIKONA,BIHDIA -JAJIKONA,291,26.416878651968112,91.74874039789637
106700,JATIA BANGARA,2600,BIHDIA -JAJIKONA,BIHDIA -JAJIKONA,291,26.455322922536485,91.72044208757424
106702,LOCH,2600,BIHDIA -JAJIKONA,BIHDIA -JAJIKONA,291,26.44442805471912,91.74711191015602
106696,BARDANGERIKUCHI,2600,BIHDIA -JAJIKONA,BIHDIA -JAJIKONA,291,26.472136642066182,91.74817836006707
106706,SINGARPARA,2600,BIHDIA -JAJIKONA,BIHDIA -JAJIKONA,291,26.396492003368888,91.77313672649804
106756,DAKHIN PANTAN,2606,CHAYGAON,CHAYGAON,291,25.858433787432016,91.37094833470816
106834,DAKHIN BHOLAGAON,2614,RANI,RANI,291,25.952728527219055,91.51391476732836
106839,RANIGAON,2614,RANI,RANI,291,26.023110852361054,91.6510259524781
106837,KAHIKUCHI,2614,RANI,RANI,291,26.005418936157465,91.54764510196237
106742,AMRANGA,2605,CHAYANI,CHAYANI,291,26.04570042754412,91.52662858785014
106748,MALIATA,2614,RANI,RANI,291,26.050075941260033,91.5534139469941
106743,BARANTI MONIARY PARAKUCHI,2605,CHAYANI,CHAYANI,291,26.06833744282983,91.50134419306333
106840,UTTAR BHOLAGAON,2614,RANI,RANI,291,26.026214707238427,91.48848843758144
106746,HOROPARA,2605,CHAYANI,CHAYANI,291,26.030003389478782,91.47650357149949
106744,BIRO GAON,2605,CHAYANI,CHAYANI,291,26.01776861718252,91.44901714847201
106816,SATPAKHALI TEZPUR,2612,RAMPUR,RAMPUR,291,26.066658802913103,91.454279984706
106754,CHAMPAK NAGAR,2606,CHAYGAON,CHAYGAON,291,26.045113929627316,91.42622858300479
106755,CHAYGAON,2606,CHAYGAON,CHAYGAON,291,26.0674507644006,91.39275417956517
106752,SATPUR,2605,CHAYANI,CHAYANI,291,25.978132280877947,91.48105465938467
106750,RAJAPARA,2605,CHAYANI,CHAYANI,291,25.911490234996727,91.39397042425071
106758,PASCHIM CHAYGAON,2606,CHAYGAON,CHAYGAON,291,25.89957817105922,91.28703498087648
106720,UTTAR DAKHIN BONGAON,2602,BONGAON,BONGAON,291,25.931038726165475,91.30519655790812
105737,BONGAIGAON,2602,BONGAON,BONGAON,291,25.969062922997836,91.30688095523156
106753,BAMUNIGAON,2606,CHAYGAON,CHAYGAON,291,26.019570571753164,91.33552120384248
106759,SATTALUK,2606,CHAYGAON,CHAYGAON,291,26.06704204873763,91.344957132538
106722,UTTAR PUB BONGAON,2602,BONGAON,BONGAON,291,26.056372976994652,91.28652192805013
106721,UTTAR PASCHIM BONGAON,2602,BONGAON,BONGAON,291,26.033864146019546,91.25368707549832
106708,10 NO. DAKHIN BOKO,2601,BOKO,BOKO,291,25.98848943843794,91.24947107758027
106709,UTTAR BOKO,2601,BOKO,BOKO,291,26.01942028731439,91.20144455821305
106736,TRILOCHAN,2603,CHAMARIA,CHAMARIA,291,26.048480950870076,91.18627337150721
106725,BARUA GAON,2603,CHAMARIA,CHAMARIA,291,26.04445294728701,91.13680781107922
106728,HEKRA JOGIPARA,2603,CHAMARIA,CHAMARIA,291,26.05198167151842,91.07941513859187
106713,UTTAR BEKELI,2601,BOKO,BOKO,291,26.00085077336737,91.12827129334528
106712,PUB BEKELI,2601,BOKO,BOKO,291,25.985534455192937,91.1654292624816
106715,PUB LUKI,2601,BOKO,BOKO,291,25.937381634226266,91.15320752989942
106714,PASCHIM BEKELI,2601,BOKO,BOKO,291,25.967766611557092,91.10201899379392
106716,DAKHIN PUB LUKI,2601,BOKO,BOKO,291,25.914778585384603,91.17601449780587
106710,DAKHIN PASCHIM BOKO,2601,BOKO,BOKO,291,25.96569407192403,91.21827542022466
105660,BAGHMARA,2602,BONGAON,BONGAON,291,25.940669237428697,91.28235604864797
106718,DAKHIN PUB BOKO,2601,BOKO,BOKO,291,25.80615796378907,91.22553908551521
106711,DAKHIN LUKI,2601,BOKO,BOKO,291,25.87182633724427,91.09691979218118
106717,DAKHIN PASCHIM LUKI,2601,BOKO,BOKO,291,25.89047869342737,91.05964437298944
